{
	"threshold": 0.05424518594131984,
	"w0": 0.621282394139909,
	"w1": 0.3900703336801604,
	"w2": 0.15288551109120893,
	"w3": -0.15056736828540107,
	"w4": 0.13951184430227376,
	"w5": 0.049711917981892666,
	"w6": 0.024144160450807344
} 